iter	Logloss
0	0.6823019942
1	0.6712430364
2	0.6626332028
3	0.6533366561
4	0.6434285547
5	0.6353333994
6	0.6256261944
7	0.6167573011
8	0.6081262264
9	0.6000450656
10	0.5918345831
11	0.5842825873
12	0.5774110514
13	0.5707119412
14	0.5644645053
15	0.5586950522
